datetime,humidity,pressure,temperature,wind_direction,wind_speed,weather_condition,city,country,latitude,longitude
2015-09-23T13:00:00.000+07:00,77.0,1020.0,293.01,70.0,2.0,sunny,Kansas City,United States,39.099731,-94.578568
2015-09-23T17:00:00.000+07:00,57.0,1021.0,298.84,180.0,3.0,sunny,Kansas City,United States,39.099731,-94.578568
2015-09-24T10:00:00.000+07:00,69.0,1019.0,292.692845574,127.0,2.0,sunny,Kansas City,United States,39.099731,-94.578568
2015-09-26T21:00:00.000+07:00,39.0,1018.0,300.29,90.0,4.0,sunny,Kansas City,United States,39.099731,-94.578568
2015-10-03T23:00:00.000+07:00,45.0,1017.0,290.66,50.0,5.0,sunny,Kansas City,United States,39.099731,-94.578568
2015-10-05T12:00:00.000+07:00,93.0,1022.0,284.58,30.0,2.0,foggy,Kansas City,United States,39.099731,-94.578568
2015-10-08T23:00:00.000+07:00,45.0,1015.0,300.85,250.0,2.0,thunderstorm,Kansas City,United States,39.099731,-94.578568
2015-10-16T21:00:00.000+07:00,34.0,1037.0,287.35880661,177.0,2.0,sunny,Kansas City,United States,39.099731,-94.578568
2015-10-29T12:00:00.000+07:00,59.0,1014.0,274.46,290.0,2.0,sunny,Kansas City,United States,39.099731,-94.578568
2015-11-06T11:00:00.000+07:00,81.0,1019.0,277.95087745,280.0,1.0,rainy,Kansas City,United States,39.099731,-94.578568
2015-11-09T11:00:00.000+07:00,80.0,1022.0,275.95,136.0,1.0,sunny,Kansas City,United States,39.099731,-94.578568
2015-11-17T10:00:00.000+07:00,88.0,1002.0,289.14,150.0,7.0,rainy,Kansas City,United States,39.099731,-94.578568
2015-11-18T16:00:00.000+07:00,87.0,996.0,280.48,220.0,8.0,cloudy,Kansas City,United States,39.099731,-94.578568
2015-11-24T20:00:00.000+07:00,42.0,1017.0,288.34,170.0,8.0,sunny,Kansas City,United States,39.099731,-94.578568
2015-11-26T12:00:00.000+07:00,72.0,1018.0,289.31,180.0,6.0,rainy,Kansas City,United States,39.099731,-94.578568
2015-11-27T14:00:00.000+07:00,100.0,1036.0,272.509161765,199.0,7.0,rainy,Kansas City,United States,39.099731,-94.578568
2015-11-27T20:00:00.000+07:00,86.0,1030.0,272.65,10.0,6.0,snowy,Kansas City,United States,39.099731,-94.578568
2015-11-29T19:00:00.000+07:00,93.0,1024.0,274.82,60.0,3.0,foggy,Kansas City,United States,39.099731,-94.578568
2015-11-29T23:00:00.000+07:00,95.0,1028.0,274.569908788,55.0,3.0,rainy,Kansas City,United States,39.099731,-94.578568
2015-11-30T11:00:00.000+07:00,99.0,1024.0,274.684816065,73.0,2.0,rainy,Kansas City,United States,39.099731,-94.578568
2015-11-30T20:00:00.000+07:00,87.0,1013.0,277.63,240.0,2.0,rainy,Kansas City,United States,39.099731,-94.578568
2015-12-08T22:00:00.000+07:00,50.0,1006.0,286.15,240.0,2.0,sunny,Kansas City,United States,39.099731,-94.578568
2015-12-08T23:00:00.000+07:00,53.0,1012.0,283.99579606,250.0,2.0,sunny,Kansas City,United States,39.099731,-94.578568
2015-12-09T15:00:00.000+07:00,85.0,1012.0,277.436794653,218.0,3.0,sunny,Kansas City,United States,39.099731,-94.578568
2015-12-10T22:00:00.000+07:00,31.0,1005.0,290.48,310.0,3.0,foggy,Kansas City,United States,39.099731,-94.578568
2015-12-11T23:00:00.000+07:00,55.0,1008.0,289.769747506,195.0,4.0,cloudy,Kansas City,United States,39.099731,-94.578568
2015-12-12T15:00:00.000+07:00,93.0,1010.0,281.8,198.0,5.0,foggy,Kansas City,United States,39.099731,-94.578568
2015-12-12T20:00:00.000+07:00,94.0,1008.0,290.09,186.0,4.0,foggy,Kansas City,United States,39.099731,-94.578568
2015-12-12T23:00:00.000+07:00,90.0,1014.0,290.118957471,174.0,5.0,rainy,Kansas City,United States,39.099731,-94.578568
2015-12-13T13:00:00.000+07:00,90.0,1001.0,290.222368278,154.0,6.0,cloudy,Kansas City,United States,39.099731,-94.578568
2015-12-13T20:00:00.000+07:00,93.0,994.0,289.12,120.0,4.0,foggy,Kansas City,United States,39.099731,-94.578568
2015-12-15T14:00:00.000+07:00,87.0,1008.0,277.98,90.0,3.0,foggy,Kansas City,United States,39.099731,-94.578568
2015-12-16T21:00:00.000+07:00,47.0,1009.0,276.959822626,268.0,7.0,cloudy,Kansas City,United States,39.099731,-94.578568
2015-12-17T21:00:00.000+07:00,64.0,1018.0,273.64,290.0,4.0,snowy,Kansas City,United States,39.099731,-94.578568
2015-12-18T11:00:00.000+07:00,74.0,1029.0,266.841585534,263.0,3.0,sunny,Kansas City,United States,39.099731,-94.578568
2015-12-24T17:00:00.000+07:00,66.0,1011.0,281.39,220.0,6.0,cloudy,Kansas City,United States,39.099731,-94.578568
2015-12-27T15:00:00.000+07:00,80.0,1025.0,273.27,10.0,9.0,cloudy,Kansas City,United States,39.099731,-94.578568
2015-12-28T10:00:00.000+07:00,92.0,1014.0,272.42,40.0,8.0,snowy,Kansas City,United States,39.099731,-94.578568
2015-12-28T14:00:00.000+07:00,91.0,1008.0,271.666622662,20.0,8.0,snowy,Kansas City,United States,39.099731,-94.578568
2015-12-28T18:00:00.000+07:00,80.0,1002.0,272.53,10.0,7.0,snowy,Kansas City,United States,39.099731,-94.578568
2015-12-28T20:00:00.000+07:00,91.0,1003.0,272.251263277,332.0,7.0,snowy,Kansas City,United States,39.099731,-94.578568
2015-12-29T13:00:00.000+07:00,85.0,1017.0,266.2,250.0,3.0,cloudy,Kansas City,United States,39.099731,-94.578568
2015-12-29T18:00:00.000+07:00,73.0,1021.0,269.8,270.0,2.0,snowy,Kansas City,United States,39.099731,-94.578568
2015-12-29T20:00:00.000+07:00,74.0,1020.0,270.5,320.0,2.0,snowy,Kansas City,United States,39.099731,-94.578568
2015-12-29T23:00:00.000+07:00,78.0,1028.0,269.093788467,320.0,1.0,snowy,Kansas City,United States,39.099731,-94.578568
2015-12-30T17:00:00.000+07:00,79.0,1026.0,270.363283898,289.0,2.0,snowy,Kansas City,United States,39.099731,-94.578568
2015-12-30T18:00:00.000+07:00,86.0,1026.0,271.6,260.0,2.0,snowy,Kansas City,United States,39.099731,-94.578568
2015-12-30T19:00:00.000+07:00,68.0,1025.0,272.16,330.0,3.0,snowy,Kansas City,United States,39.099731,-94.578568
2015-12-31T11:00:00.000+07:00,79.0,1028.0,269.623384492,221.0,1.0,snowy,Kansas City,United States,39.099731,-94.578568
2015-12-31T15:00:00.000+07:00,80.0,1029.0,271.13,200.0,2.0,snowy,Kansas City,United States,39.099731,-94.578568
2016-01-06T14:00:00.000+07:00,80.0,1026.0,272.956109515,179.0,4.0,cloudy,Kansas City,United States,39.099731,-94.578568
2016-01-08T16:00:00.000+07:00,93.0,1008.0,275.96,290.0,6.0,foggy,Kansas City,United States,39.099731,-94.578568
2016-01-08T18:00:00.000+07:00,100.0,1008.0,276.11968172,290.0,6.0,cloudy,Kansas City,United States,39.099731,-94.578568
2016-01-20T11:00:00.000+07:00,91.0,1023.0,267.118928453,300.0,2.0,snowy,Kansas City,United States,39.099731,-94.578568
2016-01-20T14:00:00.000+07:00,86.0,1031.0,265.745101237,62.0,1.0,snowy,Kansas City,United States,39.099731,-94.578568
2016-01-20T17:00:00.000+07:00,85.0,1024.0,268.150857143,149.0,2.0,snowy,Kansas City,United States,39.099731,-94.578568
2016-01-21T11:00:00.000+07:00,85.0,1021.0,269.315953507,80.0,3.0,snowy,Kansas City,United States,39.099731,-94.578568
2016-01-23T14:00:00.000+07:00,85.0,1033.0,266.38627216,87.0,1.0,snowy,Kansas City,United States,39.099731,-94.578568
2016-01-23T23:00:00.000+07:00,85.0,1026.0,270.558798165,185.0,5.0,snowy,Kansas City,United States,39.099731,-94.578568
2016-01-24T11:00:00.000+07:00,80.0,1014.0,270.98,190.0,3.0,foggy,Kansas City,United States,39.099731,-94.578568
2016-01-27T19:00:00.000+07:00,39.0,1022.0,281.14,210.0,7.0,sunny,Kansas City,United States,39.099731,-94.578568
2016-01-29T10:00:00.000+07:00,86.0,1014.0,270.65,167.0,3.0,sunny,Kansas City,United States,39.099731,-94.578568
2016-01-29T13:00:00.000+07:00,74.0,1014.0,272.97,170.0,2.0,sunny,Kansas City,United States,39.099731,-94.578568
2016-01-30T16:00:00.000+07:00,86.0,1007.0,275.48,214.0,1.0,sunny,Kansas City,United States,39.099731,-94.578568
2016-02-03T14:00:00.000+07:00,74.0,1013.0,271.642708764,310.0,6.0,snowy,Kansas City,United States,39.099731,-94.578568
2016-02-07T16:00:00.000+07:00,52.0,1018.0,279.31,290.0,4.0,cloudy,Kansas City,United States,39.099731,-94.578568
2016-02-08T10:00:00.000+07:00,55.0,1015.0,274.48,310.0,8.0,snowy,Kansas City,United States,39.099731,-94.578568
2016-02-08T11:00:00.000+07:00,55.0,1015.0,274.48,310.0,5.0,snowy,Kansas City,United States,39.099731,-94.578568
2016-02-08T13:00:00.000+07:00,47.0,1016.0,272.98,310.0,9.0,snowy,Kansas City,United States,39.099731,-94.578568
2016-02-15T10:00:00.000+07:00,86.0,1011.0,272.15,20.0,1.0,sunny,Kansas City,United States,39.099731,-94.578568
2016-02-21T12:00:00.000+07:00,80.0,1018.0,276.31,60.0,4.0,sunny,Kansas City,United States,39.099731,-94.578568
2016-02-22T19:00:00.000+07:00,57.0,1019.0,281.15,60.0,1.0,cloudy,Kansas City,United States,39.099731,-94.578568
2016-02-25T20:00:00.000+07:00,52.0,1026.0,277.31,320.0,6.0,snowy,Kansas City,United States,39.099731,-94.578568
2016-02-27T11:00:00.000+07:00,76.0,1019.0,272.435654867,209.0,2.0,sunny,Kansas City,United States,39.099731,-94.578568
2016-03-04T13:00:00.000+07:00,86.0,1021.0,271.98,0.0,2.0,foggy,Kansas City,United States,39.099731,-94.578568
2016-03-07T12:00:00.000+07:00,55.0,1004.0,291.14,190.0,8.0,cloudy,Kansas City,United States,39.099731,-94.578568
2016-03-08T22:00:00.000+07:00,82.0,1007.0,288.64,260.0,2.0,thunderstorm,Kansas City,United States,39.099731,-94.578568
2016-03-14T13:00:00.000+07:00,100.0,1006.0,282.59,190.0,2.0,foggy,Kansas City,United States,39.099731,-94.578568
2016-03-14T21:00:00.000+07:00,48.0,1003.0,295.388123077,194.0,3.0,sunny,Kansas City,United States,39.099731,-94.578568
2016-03-15T10:00:00.000+07:00,67.0,1000.0,287.627220272,339.0,4.0,sunny,Kansas City,United States,39.099731,-94.578568
2016-03-18T15:00:00.000+07:00,93.0,1022.0,277.02,360.0,8.0,snowy,Kansas City,United States,39.099731,-94.578568
2016-03-20T20:00:00.000+07:00,51.0,1028.0,280.06016129,339.0,3.0,snowy,Kansas City,United States,39.099731,-94.578568
2016-03-24T18:00:00.000+07:00,80.0,1010.0,274.64,320.0,9.0,snowy,Kansas City,United States,39.099731,-94.578568
2016-03-26T16:00:00.000+07:00,93.0,1015.0,280.14,150.0,3.0,thunderstorm,Kansas City,United States,39.099731,-94.578568
2016-03-27T16:00:00.000+07:00,86.0,1020.0,274.81,300.0,3.0,foggy,Kansas City,United States,39.099731,-94.578568
2016-03-31T13:00:00.000+07:00,81.0,1001.0,283.98,260.0,7.0,cloudy,Kansas City,United States,39.099731,-94.578568
2016-03-31T14:00:00.000+07:00,79.0,1001.0,284.039081359,260.0,7.0,rainy,Kansas City,United States,39.099731,-94.578568
2016-04-03T18:00:00.000+07:00,22.0,1012.0,295.68906032,229.0,8.0,sunny,Kansas City,United States,39.099731,-94.578568
2016-04-04T21:00:00.000+07:00,29.0,1023.0,291.99,10.0,6.0,sunny,Kansas City,United States,39.099731,-94.578568
2016-04-08T17:00:00.000+07:00,35.0,1021.0,285.82,320.0,5.0,sunny,Kansas City,United States,39.099731,-94.578568
2016-04-10T10:00:00.000+07:00,71.0,1006.0,286.98,190.0,7.0,thunderstorm,Kansas City,United States,39.099731,-94.578568
2016-04-18T11:00:00.000+07:00,72.0,1021.0,290.31,140.0,6.0,rainy,Kansas City,United States,39.099731,-94.578568
2016-04-22T23:00:00.000+07:00,55.0,1019.0,293.877867411,10.0,4.0,cloudy,Kansas City,United States,39.099731,-94.578568
2016-04-26T13:00:00.000+07:00,82.0,1007.0,290.67,350.0,8.0,thunderstorm,Kansas City,United States,39.099731,-94.578568
2016-04-26T14:00:00.000+07:00,93.0,1006.0,289.19,360.0,8.0,foggy,Kansas City,United States,39.099731,-94.578568
2016-04-26T22:00:00.000+07:00,68.0,1003.0,293.01,130.0,6.0,thunderstorm,Kansas City,United States,39.099731,-94.578568
2016-04-27T21:00:00.000+07:00,49.0,999.0,292.91,240.0,9.0,thunderstorm,Kansas City,United States,39.099731,-94.578568
2016-04-30T11:00:00.000+07:00,93.0,1003.0,287.33,40.0,2.0,thunderstorm,Kansas City,United States,39.099731,-94.578568
2016-05-06T22:00:00.000+07:00,30.0,1014.0,300.5,230.0,3.0,sunny,Kansas City,United States,39.099731,-94.578568
2016-05-08T16:00:00.000+07:00,56.0,1009.0,295.1,230.0,4.0,thunderstorm,Kansas City,United States,39.099731,-94.578568
2016-05-08T20:00:00.000+07:00,82.0,1010.0,291.64,170.0,4.0,thunderstorm,Kansas City,United States,39.099731,-94.578568
2016-05-08T22:00:00.000+07:00,93.0,1009.0,290.71,210.0,5.0,thunderstorm,Kansas City,United States,39.099731,-94.578568
2016-05-08T23:00:00.000+07:00,93.0,1007.0,290.67,110.0,5.0,thunderstorm,Kansas City,United States,39.099731,-94.578568
2016-05-09T19:00:00.000+07:00,77.0,1004.0,293.2,140.0,6.0,foggy,Kansas City,United States,39.099731,-94.578568
2016-05-11T14:00:00.000+07:00,88.0,1013.0,290.02,50.0,3.0,thunderstorm,Kansas City,United States,39.099731,-94.578568
2016-05-13T21:00:00.000+07:00,53.0,1014.0,294.34,290.0,4.0,thunderstorm,Kansas City,United States,39.099731,-94.578568
2016-05-13T22:00:00.000+07:00,68.0,1012.0,292.69,180.0,4.0,thunderstorm,Kansas City,United States,39.099731,-94.578568
2016-05-13T23:00:00.000+07:00,77.0,1015.0,292.2,330.0,6.0,thunderstorm,Kansas City,United States,39.099731,-94.578568
2016-05-16T22:00:00.000+07:00,93.0,1017.0,284.7,90.0,4.0,foggy,Kansas City,United States,39.099731,-94.578568
2016-05-17T13:00:00.000+07:00,87.0,1020.0,283.07,50.0,4.0,foggy,Kansas City,United States,39.099731,-94.578568
2016-05-17T16:00:00.000+07:00,87.0,1022.0,283.93,40.0,5.0,foggy,Kansas City,United States,39.099731,-94.578568
2016-05-18T12:00:00.000+07:00,87.0,1025.0,282.4,341.0,2.0,foggy,Kansas City,United States,39.099731,-94.578568
2016-05-23T15:00:00.000+07:00,82.0,1013.0,293.88,170.0,2.0,thunderstorm,Kansas City,United States,39.099731,-94.578568
2016-05-23T16:00:00.000+07:00,82.0,1012.0,294.4,0.0,1.0,thunderstorm,Kansas City,United States,39.099731,-94.578568
2016-05-24T13:00:00.000+07:00,93.0,1012.0,290.62,80.0,5.0,foggy,Kansas City,United States,39.099731,-94.578568
2016-05-25T17:00:00.000+07:00,69.0,1015.0,296.63,30.0,3.0,thunderstorm,Kansas City,United States,39.099731,-94.578568
2016-05-26T11:00:00.000+07:00,82.0,1011.0,290.95,201.0,5.0,thunderstorm,Kansas City,United States,39.099731,-94.578568
2016-05-26T15:00:00.000+07:00,88.0,1012.0,294.7,220.0,3.0,thunderstorm,Kansas City,United States,39.099731,-94.578568
2016-05-26T17:00:00.000+07:00,69.0,1012.0,298.13,90.0,3.0,thunderstorm,Kansas City,United States,39.099731,-94.578568
2016-05-26T20:00:00.000+07:00,69.0,1007.0,298.84,90.0,5.0,thunderstorm,Kansas City,United States,39.099731,-94.578568
2016-05-27T11:00:00.000+07:00,88.0,1005.0,289.31,0.0,1.0,rainy,Kansas City,United States,39.099731,-94.578568
2016-05-27T19:00:00.000+07:00,69.0,1007.0,297.87,180.0,4.0,rainy,Kansas City,United States,39.099731,-94.578568
2016-05-27T21:00:00.000+07:00,94.0,1013.0,295.94,176.0,5.0,thunderstorm,Kansas City,United States,39.099731,-94.578568
2016-05-29T10:00:00.000+07:00,82.0,1017.0,288.97,239.0,1.0,sunny,Kansas City,United States,39.099731,-94.578568
2016-05-29T20:00:00.000+07:00,35.0,1019.0,302.93,270.0,2.0,cloudy,Kansas City,United States,39.099731,-94.578568
2016-05-30T11:00:00.000+07:00,93.0,1017.0,290.14,74.0,1.0,sunny,Kansas City,United States,39.099731,-94.578568
2016-05-30T20:00:00.000+07:00,56.0,1016.0,295.3,200.0,4.0,thunderstorm,Kansas City,United States,39.099731,-94.578568
2016-05-30T21:00:00.000+07:00,53.0,1015.0,296.62,200.0,6.0,thunderstorm,Kansas City,United States,39.099731,-94.578568
2016-06-02T14:00:00.000+07:00,79.0,1022.0,293.976030503,128.0,1.0,cloudy,Kansas City,United States,39.099731,-94.578568
2016-06-04T11:00:00.000+07:00,93.0,1014.0,291.15,240.0,2.0,foggy,Kansas City,United States,39.099731,-94.578568
2016-06-14T15:00:00.000+07:00,78.0,1011.0,300.85,188.0,6.0,sunny,Kansas City,United States,39.099731,-94.578568
2016-06-22T23:00:00.000+07:00,31.0,1007.0,309.89,220.0,8.0,sunny,Kansas City,United States,39.099731,-94.578568
2016-06-26T16:00:00.000+07:00,62.0,1018.0,303.59,30.0,3.0,thunderstorm,Kansas City,United States,39.099731,-94.578568
2016-06-26T18:00:00.000+07:00,59.0,1018.0,304.92,60.0,5.0,thunderstorm,Kansas City,United States,39.099731,-94.578568
2016-06-26T20:00:00.000+07:00,58.0,1017.0,303.91,60.0,5.0,thunderstorm,Kansas City,United States,39.099731,-94.578568
2016-06-26T21:00:00.000+07:00,54.0,1017.0,300.83,70.0,5.0,thunderstorm,Kansas City,United States,39.099731,-94.578568
2016-06-27T19:00:00.000+07:00,41.0,1020.0,305.36,350.0,3.0,sunny,Kansas City,United States,39.099731,-94.578568
2016-06-28T14:00:00.000+07:00,69.0,1022.0,295.55,80.0,5.0,thunderstorm,Kansas City,United States,39.099731,-94.578568
2016-06-28T16:00:00.000+07:00,88.0,1024.0,293.51,70.0,8.0,thunderstorm,Kansas City,United States,39.099731,-94.578568
2016-06-29T17:00:00.000+07:00,48.0,1019.0,301.0,80.0,2.0,thunderstorm,Kansas City,United States,39.099731,-94.578568
2016-06-30T10:00:00.000+07:00,69.0,1013.0,294.92,190.0,4.0,thunderstorm,Kansas City,United States,39.099731,-94.578568
2016-06-30T13:00:00.000+07:00,69.0,1014.0,297.14,17.0,2.0,thunderstorm,Kansas City,United States,39.099731,-94.578568
2016-06-30T20:00:00.000+07:00,51.0,1013.0,301.61,310.0,2.0,thunderstorm,Kansas City,United States,39.099731,-94.578568
2016-06-30T21:00:00.000+07:00,61.0,1013.0,297.13,240.0,2.0,thunderstorm,Kansas City,United States,39.099731,-94.578568
2016-06-30T22:00:00.000+07:00,65.0,1013.0,298.24,210.0,1.0,thunderstorm,Kansas City,United States,39.099731,-94.578568
2016-07-01T20:00:00.000+07:00,32.0,1019.0,300.66,40.0,4.0,sunny,Kansas City,United States,39.099731,-94.578568
2016-07-02T12:00:00.000+07:00,93.0,1017.0,291.64,110.0,3.0,thunderstorm,Kansas City,United States,39.099731,-94.578568
2016-07-02T13:00:00.000+07:00,93.0,1017.0,291.49,110.0,2.0,foggy,Kansas City,United States,39.099731,-94.578568
2016-07-02T17:00:00.000+07:00,94.0,1017.0,293.24,90.0,3.0,rainy,Kansas City,United States,39.099731,-94.578568
2016-07-06T11:00:00.000+07:00,78.0,1008.0,299.18,200.0,5.0,thunderstorm,Kansas City,United States,39.099731,-94.578568
2016-07-06T13:00:00.000+07:00,83.0,1008.0,297.95,190.0,1.0,thunderstorm,Kansas City,United States,39.099731,-94.578568
2016-07-07T14:00:00.000+07:00,88.0,1012.0,293.24,183.0,7.0,thunderstorm,Kansas City,United States,39.099731,-94.578568
2016-07-09T21:00:00.000+07:00,59.0,1016.0,304.56,150.0,4.0,thunderstorm,Kansas City,United States,39.099731,-94.578568
2016-07-09T22:00:00.000+07:00,70.0,1015.0,304.23,140.0,4.0,thunderstorm,Kansas City,United States,39.099731,-94.578568
2016-07-13T19:00:00.000+07:00,64.0,1013.0,295.88,150.0,7.0,rainy,Kansas City,United States,39.099731,-94.578568
2016-07-14T11:00:00.000+07:00,93.0,993.0,293.802,88.0,1.0,cloudy,Kansas City,United States,39.099731,-94.578568
2016-07-16T20:00:00.000+07:00,91.0,996.0,296.117,177.0,5.0,rainy,Kansas City,United States,39.099731,-94.578568
2016-07-22T14:00:00.000+07:00,35.0,1017.0,303.1,230.0,2.0,sunny,Kansas City,United States,39.099731,-94.578568
2016-07-22T15:00:00.000+07:00,62.0,1017.0,304.54,80.0,10.0,sunny,Kansas City,United States,39.099731,-94.578568
2016-07-24T19:00:00.000+07:00,50.0,1013.0,307.83,0.0,1.0,sunny,Kansas City,United States,39.099731,-94.578568
2016-07-25T10:00:00.000+07:00,73.0,1016.0,296.48,50.0,3.0,thunderstorm,Kansas City,United States,39.099731,-94.578568
2016-07-25T14:00:00.000+07:00,78.0,1018.0,296.6,50.0,2.0,rainy,Kansas City,United States,39.099731,-94.578568
2016-07-30T20:00:00.000+07:00,43.0,1016.0,302.27,300.0,2.0,thunderstorm,Kansas City,United States,39.099731,-94.578568
2016-07-31T12:00:00.000+07:00,78.0,1014.0,295.5,110.0,2.0,sunny,Kansas City,United States,39.099731,-94.578568
2016-07-31T17:00:00.000+07:00,83.0,1014.0,296.64,130.0,5.0,rainy,Kansas City,United States,39.099731,-94.578568
2016-08-01T12:00:00.000+07:00,78.0,1017.0,295.07,100.0,6.0,thunderstorm,Kansas City,United States,39.099731,-94.578568
2016-08-01T14:00:00.000+07:00,78.0,1017.0,294.46,130.0,6.0,thunderstorm,Kansas City,United States,39.099731,-94.578568
2016-08-01T16:00:00.000+07:00,83.0,1017.0,296.29,100.0,2.0,foggy,Kansas City,United States,39.099731,-94.578568
2016-08-02T13:00:00.000+07:00,88.0,1018.0,298.13,60.0,3.0,thunderstorm,Kansas City,United States,39.099731,-94.578568
2016-08-03T15:00:00.000+07:00,88.0,1017.0,300.24,70.0,3.0,foggy,Kansas City,United States,39.099731,-94.578568
2016-08-07T12:00:00.000+07:00,78.0,1016.0,294.05,75.0,2.0,rainy,Kansas City,United States,39.099731,-94.578568
2016-08-07T21:00:00.000+07:00,69.0,1015.0,297.45,50.0,4.0,rainy,Kansas City,United States,39.099731,-94.578568
2016-08-08T17:00:00.000+07:00,78.0,1014.0,297.44,150.0,2.0,rainy,Kansas City,United States,39.099731,-94.578568
2016-08-12T18:00:00.000+07:00,78.0,1010.0,299.68,240.0,2.0,rainy,Kansas City,United States,39.099731,-94.578568
2016-08-12T20:00:00.000+07:00,78.0,1010.0,301.09,330.0,2.0,cloudy,Kansas City,United States,39.099731,-94.578568
2016-08-18T16:00:00.000+07:00,55.0,1016.0,303.07,220.0,4.0,sunny,Kansas City,United States,39.099731,-94.578568
2016-08-19T18:00:00.000+07:00,58.0,1011.0,302.68,200.0,3.0,cloudy,Kansas City,United States,39.099731,-94.578568
2016-08-20T12:00:00.000+07:00,88.0,1009.0,292.77,270.0,3.0,rainy,Kansas City,United States,39.099731,-94.578568
2016-08-21T15:00:00.000+07:00,56.0,1019.0,294.84,320.0,2.0,sunny,Kansas City,United States,39.099731,-94.578568
2016-08-23T11:00:00.000+07:00,83.0,1017.0,292.82,170.0,4.0,cloudy,Kansas City,United States,39.099731,-94.578568
2016-08-23T21:00:00.000+07:00,66.0,1014.0,302.54,170.0,6.0,thunderstorm,Kansas City,United States,39.099731,-94.578568
2016-08-24T10:00:00.000+07:00,88.0,1016.0,294.59,20.0,3.0,foggy,Kansas City,United States,39.099731,-94.578568
2016-08-24T16:00:00.000+07:00,83.0,1016.0,299.17,280.0,1.0,rainy,Kansas City,United States,39.099731,-94.578568
2016-08-24T18:00:00.000+07:00,83.0,1016.0,300.35,220.0,2.0,thunderstorm,Kansas City,United States,39.099731,-94.578568
2016-08-25T10:00:00.000+07:00,88.0,1018.0,294.24,310.0,4.0,foggy,Kansas City,United States,39.099731,-94.578568
2016-08-25T12:00:00.000+07:00,94.0,1016.0,294.29,80.0,2.0,thunderstorm,Kansas City,United States,39.099731,-94.578568
2016-08-26T23:00:00.000+07:00,69.0,1015.0,300.46,130.0,6.0,thunderstorm,Kansas City,United States,39.099731,-94.578568
2016-08-27T23:00:00.000+07:00,65.0,1015.0,302.21,90.0,4.0,thunderstorm,Kansas City,United States,39.099731,-94.578568
2016-08-28T12:00:00.000+07:00,88.0,1019.0,294.91,141.0,1.0,foggy,Kansas City,United States,39.099731,-94.578568
2016-08-28T20:00:00.000+07:00,52.0,1018.0,304.79,140.0,5.0,cloudy,Kansas City,United States,39.099731,-94.578568
2016-08-29T12:00:00.000+07:00,94.0,1021.0,294.36,70.0,1.0,foggy,Kansas City,United States,39.099731,-94.578568
2016-08-29T19:00:00.000+07:00,66.0,1022.0,303.28,250.0,1.0,thunderstorm,Kansas City,United States,39.099731,-94.578568
2016-08-30T10:00:00.000+07:00,94.0,1021.0,294.56,90.0,3.0,thunderstorm,Kansas City,United States,39.099731,-94.578568
2016-08-30T11:00:00.000+07:00,94.0,1021.0,294.47,70.0,2.0,foggy,Kansas City,United States,39.099731,-94.578568
2016-08-30T21:00:00.000+07:00,55.0,1019.0,302.38,17.0,1.0,thunderstorm,Kansas City,United States,39.099731,-94.578568
2016-09-05T14:00:00.000+07:00,69.0,1016.0,297.01,190.0,5.0,sunny,Kansas City,United States,39.099731,-94.578568
2016-09-06T17:00:00.000+07:00,55.0,1017.0,303.73,200.0,7.0,sunny,Kansas City,United States,39.099731,-94.578568
2016-09-08T10:00:00.000+07:00,94.0,1013.0,296.52,243.0,6.0,thunderstorm,Kansas City,United States,39.099731,-94.578568
2016-09-08T11:00:00.000+07:00,94.0,1013.0,296.1,200.0,3.0,thunderstorm,Kansas City,United States,39.099731,-94.578568
2016-09-10T22:00:00.000+07:00,36.0,1021.0,296.64,350.0,4.0,sunny,Kansas City,United States,39.099731,-94.578568
2016-09-12T23:00:00.000+07:00,54.0,1013.0,300.6,180.0,5.0,sunny,Kansas City,United States,39.099731,-94.578568
2016-09-13T16:00:00.000+07:00,94.0,1012.0,295.55,73.0,1.0,thunderstorm,Kansas City,United States,39.099731,-94.578568
2016-09-13T19:00:00.000+07:00,94.0,1012.0,298.38,40.0,2.0,thunderstorm,Kansas City,United States,39.099731,-94.578568
2016-09-14T11:00:00.000+07:00,88.0,1023.0,292.17,310.0,4.0,thunderstorm,Kansas City,United States,39.099731,-94.578568
2016-09-14T13:00:00.000+07:00,93.0,1023.0,291.75,20.0,3.0,foggy,Kansas City,United States,39.099731,-94.578568
2016-09-15T10:00:00.000+07:00,88.0,1020.0,292.25,110.0,2.0,foggy,Kansas City,United States,39.099731,-94.578568
2016-09-15T14:00:00.000+07:00,88.0,1019.0,294.38,70.0,3.0,foggy,Kansas City,United States,39.099731,-94.578568
2016-09-16T10:00:00.000+07:00,83.0,1015.0,292.69,340.0,5.0,thunderstorm,Kansas City,United States,39.099731,-94.578568
2016-09-16T11:00:00.000+07:00,93.0,1017.0,291.67,330.0,3.0,thunderstorm,Kansas City,United States,39.099731,-94.578568
2016-09-21T22:00:00.000+07:00,71.0,993.0,294.675,284.0,2.0,sunny,Kansas City,United States,39.099731,-94.578568
2016-09-21T23:00:00.000+07:00,71.0,993.0,294.675,284.0,2.0,sunny,Kansas City,United States,39.099731,-94.578568
2016-09-29T10:00:00.000+07:00,87.0,1026.0,283.61,270.0,1.0,sunny,Kansas City,United States,39.099731,-94.578568
2016-10-02T16:00:00.000+07:00,60.0,1020.0,293.54,133.0,1.0,sunny,Kansas City,United States,39.099731,-94.578568
2016-10-04T15:00:00.000+07:00,60.0,1010.0,293.08,140.0,5.0,cloudy,Kansas City,United States,39.099731,-94.578568
2016-10-06T22:00:00.000+07:00,100.0,990.0,294.194,139.0,4.0,rainy,Kansas City,United States,39.099731,-94.578568
2016-10-08T13:00:00.000+07:00,85.0,1005.0,275.341,174.0,1.0,sunny,Kansas City,United States,39.099731,-94.578568
2016-10-16T19:00:00.000+07:00,66.0,988.0,300.222,188.0,8.0,sunny,Kansas City,United States,39.099731,-94.578568
2016-10-19T20:00:00.000+07:00,49.0,995.0,294.327,61.0,5.0,cloudy,Kansas City,United States,39.099731,-94.578568
2016-10-20T10:00:00.000+07:00,57.0,1001.0,286.435,0.0,3.0,cloudy,Kansas City,United States,39.099731,-94.578568
2016-10-24T12:00:00.000+07:00,56.0,1005.0,281.463,66.0,3.0,sunny,Kansas City,United States,39.099731,-94.578568
2016-10-26T11:00:00.000+07:00,72.0,996.0,293.626,217.0,5.0,cloudy,Kansas City,United States,39.099731,-94.578568
2016-10-26T12:00:00.000+07:00,72.0,996.0,293.626,217.0,5.0,cloudy,Kansas City,United States,39.099731,-94.578568
2016-10-26T19:00:00.000+07:00,84.0,996.0,295.328,255.0,4.0,cloudy,Kansas City,United States,39.099731,-94.578568
2016-10-27T12:00:00.000+07:00,89.0,1002.0,280.138,124.0,1.0,sunny,Kansas City,United States,39.099731,-94.578568
2016-10-27T23:00:00.000+07:00,71.0,1001.0,290.637,174.0,3.0,sunny,Kansas City,United States,39.099731,-94.578568
2016-10-30T13:00:00.000+07:00,73.0,996.0,289.038,9.0,6.0,sunny,Kansas City,United States,39.099731,-94.578568
2016-10-30T17:00:00.000+07:00,63.0,1001.0,291.624,24.0,4.0,sunny,Kansas City,United States,39.099731,-94.578568
2016-11-01T23:00:00.000+07:00,64.0,1012.0,298.59,190.0,3.0,foggy,Kansas City,United States,39.099731,-94.578568
2016-11-02T19:00:00.000+07:00,78.0,1018.0,296.29,190.0,2.0,thunderstorm,Kansas City,United States,39.099731,-94.578568
2016-11-02T20:00:00.000+07:00,73.0,1017.0,296.72,190.0,3.0,thunderstorm,Kansas City,United States,39.099731,-94.578568
2016-11-03T10:00:00.000+07:00,93.0,1023.0,289.15,340.0,3.0,foggy,Kansas City,United States,39.099731,-94.578568
2016-11-06T23:00:00.000+07:00,44.0,1022.0,289.88,140.0,2.0,foggy,Kansas City,United States,39.099731,-94.578568
2016-11-08T10:00:00.000+07:00,87.0,1024.0,285.96,360.0,2.0,foggy,Kansas City,United States,39.099731,-94.578568
2016-11-10T23:00:00.000+07:00,48.0,1021.0,291.87,200.0,2.0,rainy,Kansas City,United States,39.099731,-94.578568
2016-11-26T15:00:00.000+07:00,86.0,1027.0,273.96,210.0,3.0,foggy,Kansas City,United States,39.099731,-94.578568
2016-11-29T20:00:00.000+07:00,43.0,1001.0,283.15,290.0,3.0,sunny,Kansas City,United States,39.099731,-94.578568
2016-12-03T21:00:00.000+07:00,49.0,1021.0,281.47,120.0,4.0,cloudy,Kansas City,United States,39.099731,-94.578568
2016-12-07T17:00:00.000+07:00,73.0,1027.0,270.16,300.0,3.0,foggy,Kansas City,United States,39.099731,-94.578568
2016-12-23T12:00:00.000+07:00,69.0,1022.0,274.65,140.0,2.0,snowy,Kansas City,United States,39.099731,-94.578568
2016-12-24T10:00:00.000+07:00,100.0,1019.0,271.66,221.0,1.0,foggy,Kansas City,United States,39.099731,-94.578568
2016-12-25T16:00:00.000+07:00,93.0,1014.0,284.16,130.0,6.0,foggy,Kansas City,United States,39.099731,-94.578568
2016-12-26T23:00:00.000+07:00,36.0,1021.0,280.32,330.0,4.0,sunny,Kansas City,United States,39.099731,-94.578568
2016-12-27T10:00:00.000+07:00,68.0,1027.0,272.15,240.0,1.0,sunny,Kansas City,United States,39.099731,-94.578568
2016-12-29T11:00:00.000+07:00,41.0,1023.0,275.3,280.0,5.0,sunny,Kansas City,United States,39.099731,-94.578568
2017-01-02T13:00:00.000+07:00,86.0,1010.0,278.99,100.0,5.0,foggy,Kansas City,United States,39.099731,-94.578568
2017-01-05T12:00:00.000+07:00,92.0,1019.0,261.15,10.0,4.0,foggy,Kansas City,United States,39.099731,-94.578568
2017-01-05T14:00:00.000+07:00,92.0,1022.0,260.49,350.0,3.0,snowy,Kansas City,United States,39.099731,-94.578568
2017-01-05T17:00:00.000+07:00,85.0,1023.0,261.15,340.0,5.0,snowy,Kansas City,United States,39.099731,-94.578568
2017-01-08T14:00:00.000+07:00,78.0,1037.0,263.14,110.0,3.0,foggy,Kansas City,United States,39.099731,-94.578568
2017-01-12T16:00:00.000+07:00,73.0,1023.0,265.48,330.0,3.0,snowy,Kansas City,United States,39.099731,-94.578568
2017-01-13T16:00:00.000+07:00,57.0,1037.0,267.15,50.0,5.0,sunny,Kansas City,United States,39.099731,-94.578568
2017-01-15T22:00:00.000+07:00,86.0,1023.0,273.64,60.0,2.0,foggy,Kansas City,United States,39.099731,-94.578568
2017-01-17T10:00:00.000+07:00,100.0,1016.0,274.67,290.0,3.0,foggy,Kansas City,United States,39.099731,-94.578568
2017-01-20T18:00:00.000+07:00,87.0,1000.0,281.96,100.0,2.0,foggy,Kansas City,United States,39.099731,-94.578568
2017-01-20T20:00:00.000+07:00,87.0,997.0,283.99,60.0,4.0,foggy,Kansas City,United States,39.099731,-94.578568
2017-01-24T11:00:00.000+07:00,78.0,1008.0,272.47,90.0,4.0,foggy,Kansas City,United States,39.099731,-94.578568
2017-01-24T15:00:00.000+07:00,88.0,1010.0,284.1,340.0,4.0,foggy,Kansas City,United States,39.099731,-94.578568
2017-01-26T14:00:00.000+07:00,79.0,1019.0,270.15,300.0,4.0,snowy,Kansas City,United States,39.099731,-94.578568
2017-01-26T15:00:00.000+07:00,79.0,1020.0,270.31,290.0,5.0,snowy,Kansas City,United States,39.099731,-94.578568
2017-01-29T12:00:00.000+07:00,69.0,1016.0,273.95,300.0,4.0,cloudy,Kansas City,United States,39.099731,-94.578568
2017-01-31T11:00:00.000+07:00,42.0,1014.0,277.11,0.0,1.0,sunny,Kansas City,United States,39.099731,-94.578568
2017-01-31T19:00:00.000+07:00,52.0,1017.0,279.98,270.0,1.0,sunny,Kansas City,United States,39.099731,-94.578568
2017-02-02T22:00:00.000+07:00,31.0,1031.0,272.98,10.0,2.0,sunny,Kansas City,United States,39.099731,-94.578568
2017-02-04T18:00:00.000+07:00,40.0,1020.0,275.82,180.0,7.0,cloudy,Kansas City,United States,39.099731,-94.578568
2017-02-06T17:00:00.000+07:00,61.0,1009.0,282.63,147.0,3.0,foggy,Kansas City,United States,39.099731,-94.578568
2017-02-06T22:00:00.000+07:00,87.0,1002.0,286.65,200.0,2.0,foggy,Kansas City,United States,39.099731,-94.578568
2017-02-08T13:00:00.000+07:00,68.0,1012.0,269.35,30.0,3.0,cloudy,Kansas City,United States,39.099731,-94.578568
2017-02-13T16:00:00.000+07:00,64.0,1029.0,275.64,162.0,1.0,foggy,Kansas City,United States,39.099731,-94.578568
2017-02-16T12:00:00.000+07:00,59.0,990.0,277.556,228.0,6.0,sunny,Kansas City,United States,39.099731,-94.578568
2017-02-20T15:00:00.000+07:00,93.0,991.0,290.757,190.0,5.0,rainy,Kansas City,United States,39.099731,-94.578568
2017-02-27T10:00:00.000+07:00,92.0,1017.0,271.02,148.0,2.0,foggy,Kansas City,United States,39.099731,-94.578568
2017-03-01T14:00:00.000+07:00,69.0,1014.0,276.31,300.0,5.0,cloudy,Kansas City,United States,39.099731,-94.578568
2017-03-08T14:00:00.000+07:00,55.0,1024.0,277.04,200.0,2.0,foggy,Kansas City,United States,39.099731,-94.578568
2017-03-12T10:00:00.000+07:00,100.0,1030.0,269.06,85.0,1.0,foggy,Kansas City,United States,39.099731,-94.578568
2017-03-12T16:00:00.000+07:00,74.0,1029.0,273.32,180.0,3.0,foggy,Kansas City,United States,39.099731,-94.578568
2017-03-12T20:00:00.000+07:00,60.0,1023.0,277.64,150.0,5.0,sunny,Kansas City,United States,39.099731,-94.578568
2017-03-14T13:00:00.000+07:00,79.0,1027.0,269.15,30.0,3.0,snowy,Kansas City,United States,39.099731,-94.578568
2017-03-14T20:00:00.000+07:00,67.0,1029.0,272.14,360.0,2.0,snowy,Kansas City,United States,39.099731,-94.578568
2017-03-21T21:00:00.000+07:00,25.0,1023.0,288.8,40.0,8.0,rainy,Kansas City,United States,39.099731,-94.578568
2017-03-24T16:00:00.000+07:00,67.0,1011.0,292.18,200.0,4.0,thunderstorm,Kansas City,United States,39.099731,-94.578568
2017-03-24T22:00:00.000+07:00,100.0,1011.0,289.69,70.0,5.0,foggy,Kansas City,United States,39.099731,-94.578568
2017-03-26T11:00:00.000+07:00,93.0,1012.0,279.65,331.0,3.0,cloudy,Kansas City,United States,39.099731,-94.578568
2017-03-27T14:00:00.000+07:00,100.0,1012.0,281.31,20.0,5.0,foggy,Kansas City,United States,39.099731,-94.578568
2017-03-29T14:00:00.000+07:00,93.0,1012.0,282.65,80.0,7.0,foggy,Kansas City,United States,39.099731,-94.578568
2017-03-29T15:00:00.000+07:00,93.0,1008.0,282.63,80.0,9.0,thunderstorm,Kansas City,United States,39.099731,-94.578568
2017-03-30T13:00:00.000+07:00,93.0,1001.0,281.65,140.0,2.0,foggy,Kansas City,United States,39.099731,-94.578568
2017-04-02T15:00:00.000+07:00,100.0,1014.0,284.64,120.0,3.0,cloudy,Kansas City,United States,39.099731,-94.578568
2017-04-06T21:00:00.000+07:00,36.0,1022.0,287.64,320.0,6.0,cloudy,Kansas City,United States,39.099731,-94.578568
2017-04-14T16:00:00.000+07:00,73.0,1018.0,291.61,190.0,7.0,rainy,Kansas City,United States,39.099731,-94.578568
2017-04-18T12:00:00.000+07:00,100.0,1017.0,285.83,170.0,2.0,foggy,Kansas City,United States,39.099731,-94.578568
2017-04-21T16:00:00.000+07:00,62.0,1017.0,284.32,80.0,6.0,sunny,Kansas City,United States,39.099731,-94.578568
2017-04-25T21:00:00.000+07:00,53.0,995.0,295.15,190.0,3.0,cloudy,Kansas City,United States,39.099731,-94.578568
2017-04-29T13:00:00.000+07:00,100.0,1012.0,281.15,20.0,7.0,thunderstorm,Kansas City,United States,39.099731,-94.578568
2017-04-29T16:00:00.000+07:00,100.0,1013.0,281.49,20.0,6.0,thunderstorm,Kansas City,United States,39.099731,-94.578568
2017-04-29T20:00:00.000+07:00,93.0,1011.0,282.31,50.0,5.0,thunderstorm,Kansas City,United States,39.099731,-94.578568
2017-04-30T12:00:00.000+07:00,100.0,1002.0,279.74,60.0,5.0,thunderstorm,Kansas City,United States,39.099731,-94.578568
2017-05-03T22:00:00.000+07:00,87.0,1018.0,283.31,70.0,6.0,rainy,Kansas City,United States,39.099731,-94.578568
2017-05-09T21:00:00.000+07:00,40.0,1012.0,301.81,210.0,4.0,sunny,Kansas City,United States,39.099731,-94.578568
2017-05-10T19:00:00.000+07:00,69.0,1010.0,298.44,220.0,7.0,thunderstorm,Kansas City,United States,39.099731,-94.578568
2017-05-11T13:00:00.000+07:00,93.0,1015.0,290.48,50.0,4.0,foggy,Kansas City,United States,39.099731,-94.578568
2017-05-18T13:00:00.000+07:00,77.0,1009.0,286.96,213.0,4.0,sunny,Kansas City,United States,39.099731,-94.578568
2017-05-18T21:00:00.000+07:00,61.0,1009.0,299.73,60.0,4.0,thunderstorm,Kansas City,United States,39.099731,-94.578568
2017-05-20T13:00:00.000+07:00,88.0,1008.0,289.81,180.0,4.0,foggy,Kansas City,United States,39.099731,-94.578568
2017-05-20T15:00:00.000+07:00,88.0,1009.0,288.99,230.0,3.0,foggy,Kansas City,United States,39.099731,-94.578568
2017-05-21T21:00:00.000+07:00,37.0,1019.0,293.14,300.0,5.0,sunny,Kansas City,United States,39.099731,-94.578568
2017-05-22T21:00:00.000+07:00,60.0,1015.0,295.64,200.0,5.0,thunderstorm,Kansas City,United States,39.099731,-94.578568
2017-05-26T10:00:00.000+07:00,82.0,1001.0,291.14,180.0,11.0,thunderstorm,Kansas City,United States,39.099731,-94.578568
2017-05-27T11:00:00.000+07:00,93.0,1009.0,291.79,100.0,2.0,sunny,Kansas City,United States,39.099731,-94.578568
2017-05-27T20:00:00.000+07:00,73.0,1009.0,293.39,310.0,3.0,thunderstorm,Kansas City,United States,39.099731,-94.578568
2017-05-27T22:00:00.000+07:00,73.0,1010.0,295.69,320.0,3.0,thunderstorm,Kansas City,United States,39.099731,-94.578568
2017-05-27T23:00:00.000+07:00,69.0,1009.0,294.85,50.0,3.0,thunderstorm,Kansas City,United States,39.099731,-94.578568
2017-05-30T23:00:00.000+07:00,57.0,1014.0,300.49,150.0,7.0,thunderstorm,Kansas City,United States,39.099731,-94.578568
2017-05-31T17:00:00.000+07:00,64.0,1019.0,296.8,300.0,3.0,thunderstorm,Kansas City,United States,39.099731,-94.578568
2017-05-31T18:00:00.000+07:00,57.0,1013.0,297.72,150.0,7.0,thunderstorm,Kansas City,United States,39.099731,-94.578568
2017-06-03T13:00:00.000+07:00,88.0,1017.0,292.79,60.0,1.0,sunny,Kansas City,United States,39.099731,-94.578568
2017-06-04T17:00:00.000+07:00,65.0,1012.0,299.44,130.0,2.0,thunderstorm,Kansas City,United States,39.099731,-94.578568
2017-06-04T20:00:00.000+07:00,83.0,1011.0,296.58,210.0,1.0,thunderstorm,Kansas City,United States,39.099731,-94.578568
2017-06-05T19:00:00.000+07:00,43.0,1010.0,304.31,30.0,2.0,sunny,Kansas City,United States,39.099731,-94.578568
2017-06-06T16:00:00.000+07:00,65.0,1015.0,296.27,140.0,7.0,sunny,Kansas City,United States,39.099731,-94.578568
2017-06-07T12:00:00.000+07:00,82.0,1019.0,287.96,330.0,1.0,sunny,Kansas City,United States,39.099731,-94.578568
2017-06-14T11:00:00.000+07:00,83.0,1011.0,298.5,200.0,7.0,thunderstorm,Kansas City,United States,39.099731,-94.578568
2017-06-17T10:00:00.000+07:00,94.0,1005.0,293.65,150.0,7.0,thunderstorm,Kansas City,United States,39.099731,-94.578568
2017-06-17T12:00:00.000+07:00,100.0,1004.0,293.5,200.0,2.0,thunderstorm,Kansas City,United States,39.099731,-94.578568
2017-06-17T13:00:00.000+07:00,88.0,1004.0,293.8,210.0,4.0,thunderstorm,Kansas City,United States,39.099731,-94.578568
2017-06-18T18:00:00.000+07:00,94.0,1013.0,297.32,160.0,3.0,cloudy,Kansas City,United States,39.099731,-94.578568
2017-06-26T13:00:00.000+07:00,93.0,1022.0,285.96,210.0,1.0,foggy,Kansas City,United States,39.099731,-94.578568
2017-06-26T15:00:00.000+07:00,88.0,1014.0,292.29,140.0,2.0,thunderstorm,Kansas City,United States,39.099731,-94.578568
2017-06-29T10:00:00.000+07:00,73.0,1010.0,297.16,100.0,6.0,thunderstorm,Kansas City,United States,39.099731,-94.578568
2017-06-29T15:00:00.000+07:00,100.0,1013.0,292.31,100.0,1.0,thunderstorm,Kansas City,United States,39.099731,-94.578568
2017-06-29T19:00:00.000+07:00,83.0,1009.0,294.82,190.0,5.0,thunderstorm,Kansas City,United States,39.099731,-94.578568
2017-06-29T20:00:00.000+07:00,65.0,1013.0,297.44,150.0,6.0,thunderstorm,Kansas City,United States,39.099731,-94.578568
2017-07-05T14:00:00.000+07:00,83.0,1018.0,295.69,340.0,1.0,foggy,Kansas City,United States,39.099731,-94.578568
2017-07-07T11:00:00.000+07:00,88.0,1013.0,296.83,150.0,2.0,sunny,Kansas City,United States,39.099731,-94.578568
2017-07-13T11:00:00.000+07:00,78.0,1017.0,298.32,100.0,4.0,thunderstorm,Kansas City,United States,39.099731,-94.578568
2017-07-13T14:00:00.000+07:00,94.0,1019.0,296.15,90.0,5.0,thunderstorm,Kansas City,United States,39.099731,-94.578568
2017-07-13T23:00:00.000+07:00,62.0,1016.0,303.8,70.0,7.0,thunderstorm,Kansas City,United States,39.099731,-94.578568
2017-07-19T15:00:00.000+07:00,78.0,1021.0,300.36,360.0,6.0,thunderstorm,Kansas City,United States,39.099731,-94.578568
2017-07-20T17:00:00.000+07:00,55.0,1017.0,305.32,230.0,5.0,sunny,Kansas City,United States,39.099731,-94.578568
2017-07-22T17:00:00.000+07:00,55.0,1010.0,305.82,240.0,5.0,sunny,Kansas City,United States,39.099731,-94.578568
2017-07-24T13:00:00.000+07:00,78.0,1015.0,295.15,50.0,3.0,cloudy,Kansas City,United States,39.099731,-94.578568
2017-07-27T11:00:00.000+07:00,94.0,1014.0,296.48,130.0,1.0,thunderstorm,Kansas City,United States,39.099731,-94.578568
2017-07-27T17:00:00.000+07:00,88.0,1015.0,299.34,360.0,5.0,cloudy,Kansas City,United States,39.099731,-94.578568
2017-07-29T15:00:00.000+07:00,69.0,1020.0,295.48,0.0,2.0,sunny,Kansas City,United States,39.099731,-94.578568
2017-08-01T11:00:00.000+07:00,93.0,1020.0,291.54,82.0,1.0,foggy,Kansas City,United States,39.099731,-94.578568
2017-08-03T22:00:00.000+07:00,54.0,1016.0,299.82,330.0,6.0,sunny,Kansas City,United States,39.099731,-94.578568
2017-08-05T18:00:00.000+07:00,88.0,1016.0,290.55,138.0,4.0,thunderstorm,Kansas City,United States,39.099731,-94.578568
2017-08-07T15:00:00.000+07:00,88.0,1018.0,293.98,350.0,1.0,cloudy,Kansas City,United States,39.099731,-94.578568
2017-08-08T14:00:00.000+07:00,88.0,1023.0,291.64,70.0,1.0,foggy,Kansas City,United States,39.099731,-94.578568
2017-08-15T10:00:00.000+07:00,94.0,1011.0,294.29,200.0,2.0,foggy,Kansas City,United States,39.099731,-94.578568
2017-08-15T12:00:00.000+07:00,100.0,1011.0,293.48,100.0,2.0,foggy,Kansas City,United States,39.099731,-94.578568
2017-08-16T14:00:00.000+07:00,100.0,1011.0,296.15,179.0,4.0,thunderstorm,Kansas City,United States,39.099731,-94.578568
2017-08-16T22:00:00.000+07:00,83.0,1010.0,301.67,260.0,2.0,thunderstorm,Kansas City,United States,39.099731,-94.578568
2017-08-18T18:00:00.000+07:00,61.0,1015.0,298.31,210.0,3.0,sunny,Kansas City,United States,39.099731,-94.578568
2017-08-18T23:00:00.000+07:00,58.0,1012.0,304.0,200.0,4.0,thunderstorm,Kansas City,United States,39.099731,-94.578568
2017-08-19T19:00:00.000+07:00,48.0,1015.0,304.15,79.0,1.0,sunny,Kansas City,United States,39.099731,-94.578568
2017-08-20T10:00:00.000+07:00,74.0,1014.0,299.14,340.0,14.0,thunderstorm,Kansas City,United States,39.099731,-94.578568
2017-08-20T14:00:00.000+07:00,88.0,1017.0,294.49,90.0,3.0,thunderstorm,Kansas City,United States,39.099731,-94.578568
2017-08-20T23:00:00.000+07:00,62.0,1014.0,304.53,100.0,4.0,thunderstorm,Kansas City,United States,39.099731,-94.578568
2017-08-21T15:00:00.000+07:00,94.0,1020.0,298.53,270.0,3.0,foggy,Kansas City,United States,39.099731,-94.578568
2017-08-21T16:00:00.000+07:00,74.0,1018.0,298.16,140.0,4.0,thunderstorm,Kansas City,United States,39.099731,-94.578568
2017-08-21T20:00:00.000+07:00,83.0,1016.0,299.95,120.0,3.0,thunderstorm,Kansas City,United States,39.099731,-94.578568
2017-08-21T21:00:00.000+07:00,94.0,1016.0,300.17,200.0,3.0,thunderstorm,Kansas City,United States,39.099731,-94.578568
2017-08-22T10:00:00.000+07:00,100.0,1015.0,292.15,110.0,3.0,thunderstorm,Kansas City,United States,39.099731,-94.578568
2017-08-27T12:00:00.000+07:00,88.0,1018.0,292.91,210.0,2.0,thunderstorm,Kansas City,United States,39.099731,-94.578568
2017-08-27T13:00:00.000+07:00,83.0,1019.0,293.76,220.0,3.0,foggy,Kansas City,United States,39.099731,-94.578568
2017-08-27T14:00:00.000+07:00,83.0,1018.0,294.64,190.0,3.0,thunderstorm,Kansas City,United States,39.099731,-94.578568
2017-08-27T15:00:00.000+07:00,83.0,1017.0,295.78,207.0,2.0,thunderstorm,Kansas City,United States,39.099731,-94.578568
2017-08-27T18:00:00.000+07:00,94.0,1019.0,294.65,15.0,2.0,thunderstorm,Kansas City,United States,39.099731,-94.578568
2017-09-02T14:00:00.000+07:00,82.0,1019.0,290.93,220.0,2.0,foggy,Kansas City,United States,39.099731,-94.578568
2017-09-02T19:00:00.000+07:00,57.0,1018.0,299.48,240.0,4.0,sunny,Kansas City,United States,39.099731,-94.578568
2017-09-03T13:00:00.000+07:00,100.0,1019.0,291.49,2.0,1.0,foggy,Kansas City,United States,39.099731,-94.578568
2017-09-03T15:00:00.000+07:00,83.0,1019.0,295.08,73.0,1.0,foggy,Kansas City,United States,39.099731,-94.578568
2017-09-04T21:00:00.000+07:00,66.0,1013.0,302.32,360.0,5.0,cloudy,Kansas City,United States,39.099731,-94.578568
2017-09-09T18:00:00.000+07:00,39.0,1024.0,300.44,210.0,4.0,sunny,Kansas City,United States,39.099731,-94.578568
2017-09-14T15:00:00.000+07:00,47.0,1011.0,294.29,180.0,3.0,sunny,Kansas City,United States,39.099731,-94.578568
2017-09-15T21:00:00.000+07:00,55.0,1010.0,303.1,150.0,7.0,sunny,Kansas City,United States,39.099731,-94.578568
2017-09-16T21:00:00.000+07:00,62.0,1015.0,301.34,210.0,5.0,thunderstorm,Kansas City,United States,39.099731,-94.578568
2017-09-17T10:00:00.000+07:00,100.0,1019.0,291.14,2.0,5.0,foggy,Kansas City,United States,39.099731,-94.578568
2017-09-18T17:00:00.000+07:00,100.0,1018.0,291.95,200.0,2.0,thunderstorm,Kansas City,United States,39.099731,-94.578568
2017-09-19T11:00:00.000+07:00,100.0,1013.0,292.15,130.0,2.0,thunderstorm,Kansas City,United States,39.099731,-94.578568
2017-09-21T12:00:00.000+07:00,88.0,1013.0,297.14,180.0,4.0,sunny,Kansas City,United States,39.099731,-94.578568
2017-09-26T10:00:00.000+07:00,100.0,1015.0,291.55,350.0,1.0,thunderstorm,Kansas City,United States,39.099731,-94.578568
2017-09-26T11:00:00.000+07:00,100.0,1015.0,291.65,34.0,2.0,foggy,Kansas City,United States,39.099731,-94.578568
2017-09-27T13:00:00.000+07:00,82.0,1022.0,287.97,20.0,3.0,cloudy,Kansas City,United States,39.099731,-94.578568
2017-09-28T14:00:00.000+07:00,100.0,1025.0,284.74,289.0,1.0,sunny,Kansas City,United States,39.099731,-94.578568
2017-09-29T15:00:00.000+07:00,72.0,1025.0,290.06,230.0,1.0,foggy,Kansas City,United States,39.099731,-94.578568
2017-10-01T14:00:00.000+07:00,52.0,1018.0,290.32,140.0,4.0,cloudy,Kansas City,United States,39.099731,-94.578568
2017-10-05T11:00:00.000+07:00,100.0,1021.0,290.63,70.0,2.0,foggy,Kansas City,United States,39.099731,-94.578568
2017-10-06T13:00:00.000+07:00,88.0,1015.0,293.82,200.0,6.0,foggy,Kansas City,United States,39.099731,-94.578568
2017-10-06T19:00:00.000+07:00,78.0,1009.0,296.29,200.0,4.0,rainy,Kansas City,United States,39.099731,-94.578568
2017-10-10T13:00:00.000+07:00,66.0,1020.0,282.3,350.0,6.0,cloudy,Kansas City,United States,39.099731,-94.578568
2017-10-10T19:00:00.000+07:00,87.0,1020.0,280.96,310.0,3.0,thunderstorm,Kansas City,United States,39.099731,-94.578568
2017-10-10T20:00:00.000+07:00,93.0,1021.0,280.8,280.0,3.0,foggy,Kansas City,United States,39.099731,-94.578568
2017-10-14T20:00:00.000+07:00,94.0,1010.0,299.7,50.0,1.0,foggy,Kansas City,United States,39.099731,-94.578568
2017-10-19T12:00:00.000+07:00,81.0,1019.0,283.58,200.0,3.0,sunny,Kansas City,United States,39.099731,-94.578568
2017-10-21T22:00:00.000+07:00,69.0,1010.0,296.99,180.0,5.0,cloudy,Kansas City,United States,39.099731,-94.578568
2017-10-21T23:00:00.000+07:00,69.0,1010.0,296.99,170.0,6.0,thunderstorm,Kansas City,United States,39.099731,-94.578568
2017-10-27T14:00:00.000+07:00,51.0,1019.0,275.8,330.0,7.0,snowy,Kansas City,United States,39.099731,-94.578568
2017-10-27T15:00:00.000+07:00,44.0,1019.0,275.81,310.0,5.0,snowy,Kansas City,United States,39.099731,-94.578568
2017-10-28T19:00:00.000+07:00,45.0,1018.0,279.16,300.0,5.0,sunny,Kansas City,United States,39.099731,-94.578568
2017-10-28T21:00:00.000+07:00,36.0,1017.0,280.99,310.0,3.0,sunny,Kansas City,United States,39.099731,-94.578568
2017-10-31T14:00:00.000+07:00,80.0,1025.0,270.91,190.0,1.0,snowy,Kansas City,United States,39.099731,-94.578568
2017-10-31T22:00:00.000+07:00,47.0,1019.0,275.68,210.0,2.0,snowy,Kansas City,United States,39.099731,-94.578568
2017-11-02T12:00:00.000+07:00,100.0,1007.0,284.5,90.0,4.0,rainy,Kansas City,United States,39.099731,-94.578568
2017-11-04T10:00:00.000+07:00,81.0,1015.0,281.78,230.0,4.0,foggy,Kansas City,United States,39.099731,-94.578568
2017-11-04T13:00:00.000+07:00,100.0,1015.0,280.81,250.0,4.0,foggy,Kansas City,United States,39.099731,-94.578568
2017-11-13T15:00:00.000+07:00,75.0,1031.0,280.15,170.0,3.0,foggy,Kansas City,United States,39.099731,-94.578568
2017-11-14T12:00:00.000+07:00,100.0,1021.0,283.98,170.0,4.0,foggy,Kansas City,United States,39.099731,-94.578568
2017-11-14T20:00:00.000+07:00,100.0,1016.0,285.69,180.0,4.0,rainy,Kansas City,United States,39.099731,-94.578568
2017-11-15T11:00:00.000+07:00,87.0,1012.0,286.14,230.0,2.0,foggy,Kansas City,United States,39.099731,-94.578568
2017-11-16T11:00:00.000+07:00,69.0,1024.0,273.11,40.0,1.0,sunny,Kansas City,United States,39.099731,-94.578568
2017-11-17T14:00:00.000+07:00,82.0,1008.0,286.13,160.0,3.0,foggy,Kansas City,United States,39.099731,-94.578568
2017-11-21T23:00:00.000+07:00,30.0,1024.0,279.94,320.0,5.0,rainy,Kansas City,United States,39.099731,-94.578568
2017-11-22T16:00:00.000+07:00,58.0,1031.0,269.47,350.0,1.0,snowy,Kansas City,United States,39.099731,-94.578568
2017-11-26T17:00:00.000+07:00,54.0,1024.0,284.81,210.0,2.0,sunny,Kansas City,United States,39.099731,-94.578568
2017-11-27T13:00:00.000+07:00,61.0,1016.0,279.45,200.0,3.0,sunny,Kansas City,United States,39.099731,-94.578568
2023-01-01T20:00:00.000+07:00,88.0,1007.0,281.15,124.0,2.78,sunny,Kansas City,United States,39.099731,-94.578568
2023-01-04T11:00:00.000+07:00,66.0,1015.0,275.15,295.0,5.28,cloudy,Kansas City,United States,39.099731,-94.578568
2023-01-18T04:00:00.000+07:00,81.0,1014.0,275.15,52.0,3.06,rainy,Kansas City,United States,39.099731,-94.578568
2023-01-24T19:00:00.000+07:00,74.0,1018.0,275.15,50.0,2.22,rainy,Kansas City,United States,39.099731,-94.578568
2023-01-25T01:00:00.000+07:00,100.0,1014.0,273.15,125.0,2.22,snowy,Kansas City,United States,39.099731,-94.578568
2023-01-25T02:00:00.000+07:00,100.0,1013.0,273.15,232.0,2.5,snowy,Kansas City,United States,39.099731,-94.578568
2023-01-26T13:00:00.000+07:00,75.0,1025.0,270.15,306.0,4.72,cloudy,Kansas City,United States,39.099731,-94.578568
2023-01-27T19:00:00.000+07:00,86.0,1018.0,277.15,290.0,3.33,sunny,Kansas City,United States,39.099731,-94.578568
2023-01-31T09:00:00.000+07:00,69.0,1032.0,264.15,165.0,1.94,sunny,Kansas City,United States,39.099731,-94.578568
2023-02-04T21:00:00.000+07:00,74.0,1013.0,279.15,195.0,5.28,sunny,Kansas City,United States,39.099731,-94.578568
2023-02-05T15:00:00.000+07:00,42.0,1016.0,287.15,266.0,4.17,sunny,Kansas City,United States,39.099731,-94.578568
2023-02-06T16:00:00.000+07:00,71.0,1005.0,289.15,199.0,8.33,cloudy,Kansas City,United States,39.099731,-94.578568
2023-02-06T20:00:00.000+07:00,78.0,1006.0,287.15,209.0,6.39,rainy,Kansas City,United States,39.099731,-94.578568
2023-02-13T06:00:00.000+07:00,85.0,1015.0,273.15,309.0,3.33,sunny,Kansas City,United States,39.099731,-94.578568
2023-02-16T01:00:00.000+07:00,82.0,1010.0,273.15,20.0,6.94,snowy,Kansas City,United States,39.099731,-94.578568
2023-02-16T03:00:00.000+07:00,85.0,1009.0,272.15,4.0,5.0,snowy,Kansas City,United States,39.099731,-94.578568
2023-02-24T10:00:00.000+07:00,44.0,1038.0,268.15,51.0,4.72,cloudy,Kansas City,United States,39.099731,-94.578568
2023-02-24T17:00:00.000+07:00,37.0,1031.0,274.15,96.0,3.06,snowy,Kansas City,United States,39.099731,-94.578568
2023-02-27T00:00:00.000+07:00,94.0,993.0,289.15,171.0,7.78,rainy,Kansas City,United States,39.099731,-94.578568
2023-03-02T02:00:00.000+07:00,71.0,1011.0,277.15,39.0,5.0,cloudy,Kansas City,United States,39.099731,-94.578568
2023-03-03T12:00:00.000+07:00,71.0,999.0,278.15,340.0,8.33,snowy,Kansas City,United States,39.099731,-94.578568
2023-03-03T13:00:00.000+07:00,65.0,999.0,280.15,339.0,8.33,snowy,Kansas City,United States,39.099731,-94.578568
2023-03-06T21:00:00.000+07:00,61.0,1022.0,278.15,346.0,6.67,cloudy,Kansas City,United States,39.099731,-94.578568
2023-03-09T08:00:00.000+07:00,90.0,1019.0,277.15,66.0,2.5,rainy,Kansas City,United States,39.099731,-94.578568
2023-03-10T06:00:00.000+07:00,74.0,1022.0,275.15,337.0,6.67,cloudy,Kansas City,United States,39.099731,-94.578568
2023-03-12T01:00:00.000+07:00,97.0,1014.0,276.15,344.0,6.11,foggy,Kansas City,United States,39.099731,-94.578568
2023-03-17T00:00:00.000+07:00,76.0,1012.0,271.15,317.0,9.44,snowy,Kansas City,United States,39.099731,-94.578568
2023-03-17T22:00:00.000+07:00,65.0,1019.0,273.15,320.0,3.89,snowy,Kansas City,United States,39.099731,-94.578568
2023-03-23T11:00:00.000+07:00,66.0,1009.0,290.15,290.0,5.56,sunny,Kansas City,United States,39.099731,-94.578568
2023-03-27T01:00:00.000+07:00,97.0,1013.0,275.15,21.0,2.5,snowy,Kansas City,United States,39.099731,-94.578568
2023-03-27T14:00:00.000+07:00,49.0,1024.0,282.15,335.0,2.5,cloudy,Kansas City,United States,39.099731,-94.578568
2023-03-28T08:00:00.000+07:00,98.0,1030.0,275.15,9.0,2.22,snowy,Kansas City,United States,39.099731,-94.578568
2023-03-28T12:00:00.000+07:00,81.0,1031.0,277.15,353.0,2.78,snowy,Kansas City,United States,39.099731,-94.578568
2023-03-30T08:00:00.000+07:00,85.0,1018.0,279.15,136.0,4.72,sunny,Kansas City,United States,39.099731,-94.578568
2023-04-01T12:00:00.000+07:00,53.0,1020.0,282.15,326.0,6.94,sunny,Kansas City,United States,39.099731,-94.578568
2023-04-06T20:00:00.000+07:00,53.0,1029.0,282.15,156.0,2.5,sunny,Kansas City,United States,39.099731,-94.578568
2023-04-08T18:00:00.000+07:00,43.0,1022.0,292.15,122.0,3.61,sunny,Kansas City,United States,39.099731,-94.578568
2023-04-10T06:00:00.000+07:00,93.0,1023.0,284.15,188.0,2.22,rainy,Kansas City,United States,39.099731,-94.578568
2023-04-11T16:00:00.000+07:00,49.0,1020.0,296.15,206.0,6.11,cloudy,Kansas City,United States,39.099731,-94.578568
2023-04-13T07:00:00.000+07:00,87.0,1012.0,285.15,184.0,4.72,sunny,Kansas City,United States,39.099731,-94.578568
2023-04-16T14:00:00.000+07:00,76.0,1014.0,282.15,309.0,10.28,cloudy,Kansas City,United States,39.099731,-94.578568
2023-04-17T09:00:00.000+07:00,54.0,1017.0,281.15,297.0,4.72,sunny,Kansas City,United States,39.099731,-94.578568
2023-04-24T17:00:00.000+07:00,50.0,1016.0,289.15,197.0,5.56,cloudy,Kansas City,United States,39.099731,-94.578568
2023-05-04T01:00:00.000+07:00,68.0,1013.0,284.15,166.0,2.78,cloudy,Kansas City,United States,39.099731,-94.578568
2023-05-11T06:00:00.000+07:00,96.0,1013.0,290.15,114.0,2.5,cloudy,Kansas City,United States,39.099731,-94.578568
2023-05-24T08:00:00.000+07:00,83.0,1020.0,291.15,93.0,2.78,cloudy,Kansas City,United States,39.099731,-94.578568
2023-05-25T22:00:00.000+07:00,80.0,1020.0,293.15,93.0,5.0,sunny,Kansas City,United States,39.099731,-94.578568
2023-05-29T04:00:00.000+07:00,77.0,1016.0,288.15,124.0,2.78,sunny,Kansas City,United States,39.099731,-94.578568
2023-05-30T21:00:00.000+07:00,86.0,1012.0,295.15,133.0,3.33,rainy,Kansas City,United States,39.099731,-94.578568
2023-05-31T03:00:00.000+07:00,93.0,1013.0,291.15,238.0,2.22,cloudy,Kansas City,United States,39.099731,-94.578568
2023-05-31T04:00:00.000+07:00,94.0,1013.0,291.15,184.0,2.22,cloudy,Kansas City,United States,39.099731,-94.578568
2023-05-31T09:00:00.000+07:00,80.0,1014.0,295.15,181.0,3.61,rainy,Kansas City,United States,39.099731,-94.578568
2023-05-31T22:00:00.000+07:00,68.0,1011.0,297.15,160.0,3.61,rainy,Kansas City,United States,39.099731,-94.578568
2023-06-01T20:00:00.000+07:00,86.0,1014.0,296.15,62.0,1.11,cloudy,Kansas City,United States,39.099731,-94.578568
2023-06-02T10:00:00.000+07:00,64.0,1015.0,298.15,139.0,2.78,sunny,Kansas City,United States,39.099731,-94.578568
2023-06-02T16:00:00.000+07:00,52.0,1013.0,302.15,139.0,2.5,sunny,Kansas City,United States,39.099731,-94.578568
2023-06-02T20:00:00.000+07:00,77.0,1012.0,297.15,129.0,3.06,rainy,Kansas City,United States,39.099731,-94.578568
2023-06-05T12:00:00.000+07:00,57.0,1017.0,302.15,85.0,2.78,sunny,Kansas City,United States,39.099731,-94.578568
2023-06-09T04:00:00.000+07:00,65.0,1013.0,289.15,88.0,3.06,sunny,Kansas City,United States,39.099731,-94.578568
2023-06-10T23:00:00.000+07:00,94.0,1004.0,292.15,152.0,1.67,rainy,Kansas City,United States,39.099731,-94.578568
2023-06-13T00:00:00.000+07:00,59.0,1013.0,287.15,171.0,1.11,cloudy,Kansas City,United States,39.099731,-94.578568
